test_case,sequence
cath1_1bl0A02,MTEIAQKLKESNEPILYLAERYGFESQQTLTRTFKNYFDVPPHKYRMTNMQGESRFLHPL
cath1_1c75A00,VDAEAVVQQKCISCHGGDLTGASAPAIDKAGANYSEEEILDIILNGQGGMPGGIAKGAEAEAVAAWLAEKK
cath1_1ldjA06,STFQMAILLQYNTEDAYTVQQLTDSTQIKMDILAQVLQILLKSKLLVLEDENANVDEVELKPDTLIKL
cath1_1w0tA00,KRQAWLWEEDKNLRSGVRKYGEGNWSKILLHYKFNNRTSVMLKDRWRTMKKL
cath1_1z1vA00,SQWSVDDVITWCISTLEVEETDPLCQRLRENDIVGDLLPELCLQDCQDLCDGDLNKAIKFKILINKMRDS
cath1_2dkzA01,SIEEVSKSLRFIGLSEDVISFFVTEKIDGNLLVQLTEEILSEDFKLSKLQVKKIMQFINGS
cath1_2hbpA00,KKSRLWVDRSGTFKVDAEFIGCAKGKIHLHKANGVKIAVAADKLSNEDLAYVEKITGFSLEKFKAN
cath1_2heoA00,DNLEQKILQVLSDDGGPVAIFQLVKKCQVPKKTLNQVLYRLKKEDRVSSPSPKYWSIGG
cath1_2wg5F02,LLVGVVSDILEDGRVVVKSSTGPKFVVNTSQYINEEELKPGARVALNQQTLAIVNVLP
cath1_3a5zD02,DVVDMNLTYLYNDGEFWHFMNNETFEQLSADAKAIGDNAKWLLDQAECIVTLWNGQPISVTPPN
cath1_3g7lA00,ADVYEVEDILADRVNKNGINEYYIKWAGYDWYDNTWEPEQNLFGAEKVLKKWKKR
cath1_3luyA02,FDAYVAQGADPAEARIATAHPHGLAQCKRFIAEHRLSTQPATSNAAACRDLIPGEIAFGPAICGELYDITRIGT
cath1_3ossC00,ETRLNVVLRGIAFGARPGAVIEEGGKQQVYLQGERLDSHNAVIEEINRDHVMLRYQGKIERLSLA
cath1_3udcA02,QFSVGDYVTINGISGTVEEIGLRVTKIRGFSDGLHIIPNGEIKMVTNLTK
cath1_4a53A01,GAMGMSVADFYGSNVEVLLNNDSKARGVITNFDSSNSILQLRLANDSTKSIVTKDIKDLRIL
cath1_4jriB00,QSLQDPFLNALRRERVPVSIYLVNGIKLQGQIESWDQFVILLKNTVSQMVYKHAISTVVPSRPV
cath1_4o96A01,KSPVPGNVIGKGGNAVVYEDMEDTTKVLKMFTISQSHEEVTSEVRCFNQYYGSGSAEKIYNDNGNVIGIRMNK